{"eval/loss": 1.1393216848373413, "eval/accuracy": 0.57, "eval/runtime": 161.1819, "eval/samples_per_second": 6.204, "eval/steps_per_second": 0.776, "train/epoch": 3.0, "train/global_step": 375, "_timestamp": 1680824555.360051, "_runtime": 5977.435043811798, "_step": 3, "train/train_runtime": 2820.4033, "train/train_samples_per_second": 1.064, "train/train_steps_per_second": 0.133, "train/total_flos": 789354427392000.0, "train/train_loss": 0.7118435872395833, "_wandb": {"runtime": 3832}}